{"angularVel": 0.025456927171423213, "goalPosY": 288, "goalPosX": 792, "linearVel": -0.36, "currentPosX": 706.95703125, "currentPosY": 294.33758544921875}